{
        "2020:06:14:11:25:16": {
                "totalCount": 5,
                "countMin": 5.0
        },
        "2020:06:14:11:25:46": {
                "totalCount": 5,
                "countMin": 2.5
        },
        "2020:06:14:11:26:16": {
                "totalCount": 9,
                "countMin": 4.5
        },
        "2020:06:14:11:26:46": {
                "totalCount": 14,
                "countMin": 4.666666666666667
        },
        "2020:06:14:11:27:16": {
                "totalCount": 14,
                "countMin": 4.666666666666667
        },
        "2020:06:14:11:27:46": {
                "totalCount": 14,
                "countMin": 3.5
        },
        "2020:06:14:11:28:16": {
                "totalCount": 14,
                "countMin": 3.5
        },
        "id": "A1"
}